---,PropID,PropName,PropDescription,PropCategory,PropSubCategories,PropIcon,PropClass
1001,1001,"NSLOCTEXT(""[9781E5AB24D0855921CD012FC33C4639]"", ""AC0A4B6A40BC3FE9A07554A433D3D757"", ""술통"")","NSLOCTEXT(""[9781E5AB24D0855921CD012FC33C4639]"", ""1B7BE61C4FBAED8606E64D830FBCAC44"", ""술통"")",Basic,(Wood),/Script/Engine.Texture2D'/Game/Props/Build/Textures/BarrelTexture.BarrelTexture',/Script/Engine.BlueprintGeneratedClass'/Game/Props/Build/BP_BarrelProp.BP_BarrelProp_C'
1002,1002,"NSLOCTEXT(""[9781E5AB24D0855921CD012FC33C4639]"", ""5C7AF05D4EA6C965820C069D48E731E1"", ""다리 시작"")","NSLOCTEXT(""[9781E5AB24D0855921CD012FC33C4639]"", ""F37F4B24421F1DC9F6667EA0D3093C47"", ""다리 시작 부분"")",Basic,"(Wood,Build)",/Script/Engine.Texture2D'/Game/Props/Build/Textures/BridgeStart.BridgeStart',/Script/Engine.BlueprintGeneratedClass'/Game/Props/Build/BP_BridgeStartProp.BP_BridgeStartProp_C'
1003,1003,"NSLOCTEXT(""[9781E5AB24D0855921CD012FC33C4639]"", ""F11036F74CA1180528D7CBBD10A77EB0"", ""다리 타일"")","NSLOCTEXT(""[9781E5AB24D0855921CD012FC33C4639]"", ""524006974AE0BCEF00E366A9FF3E16C9"", ""다리 타일"")",Basic,"(Wood,Build)",/Script/Engine.Texture2D'/Game/Props/Build/Textures/BridgeTile.BridgeTile',/Script/Engine.BlueprintGeneratedClass'/Game/Props/Build/BP_BridgeTileProp.BP_BridgeTileProp_C'
1004,1004,"NSLOCTEXT(""[9781E5AB24D0855921CD012FC33C4639]"", ""2B33E3FB4B55DF94D8F156B16BE152FD"", ""수풀1"")","NSLOCTEXT(""[9781E5AB24D0855921CD012FC33C4639]"", ""B80895D044CCCFC38FF3299821F96FAB"", ""수풀1"")",Basic,"(Plant,Summer)",/Script/Engine.Texture2D'/Game/Props/Build/Textures/BushOneTexture.BushOneTexture',/Script/Engine.BlueprintGeneratedClass'/Game/Props/Build/BP_BushOneProp.BP_BushOneProp_C'
1005,1005,"NSLOCTEXT(""[9781E5AB24D0855921CD012FC33C4639]"", ""2D30536C40A1E48E674BEF91A254B97F"", ""수풀2"")","NSLOCTEXT(""[9781E5AB24D0855921CD012FC33C4639]"", ""2970C0C4477CFE1F5502FD8FCF5B24DC"", ""수풀2"")",Basic,"(Plant,Summer)",/Script/Engine.Texture2D'/Game/Props/Build/Textures/BushTwoTexture.BushTwoTexture',/Script/Engine.BlueprintGeneratedClass'/Game/Props/Build/BP_BushTwoProp.BP_BushTwoProp_C'
1006,1006,"NSLOCTEXT(""[9781E5AB24D0855921CD012FC33C4639]"", ""DE8474F7465C531594FC4894F63B4E54"", ""수풀3"")","NSLOCTEXT(""[9781E5AB24D0855921CD012FC33C4639]"", ""7AC1D86C4DFE6E3AB6BEAEB8DCAEE175"", ""수풀3"")",Basic,"(Plant,Summer)",/Script/Engine.Texture2D'/Game/Props/Build/Textures/BushThreeTexture.BushThreeTexture',/Script/Engine.BlueprintGeneratedClass'/Game/Props/Build/BP_BushThreeProp.BP_BushThreeProp_C'
1007,1007,"NSLOCTEXT(""[9781E5AB24D0855921CD012FC33C4639]"", ""73F12EB7400A2B67BE5B84A91318C1C4"", ""수풀4"")","NSLOCTEXT(""[9781E5AB24D0855921CD012FC33C4639]"", ""F667B45341B0B92E7B1DCB8F294895C7"", ""수풀4"")",Basic,"(Plant,Summer)",/Script/Engine.Texture2D'/Game/Props/Build/Textures/BushFourTexture.BushFourTexture',/Script/Engine.BlueprintGeneratedClass'/Game/Props/Build/BP_BushFourProp.BP_BushFourProp_C'
1008,1008,"NSLOCTEXT(""[9781E5AB24D0855921CD012FC33C4639]"", ""6A5C2D4E48F49F832D9F1D9A81D4E461"", ""수풀5"")","NSLOCTEXT(""[9781E5AB24D0855921CD012FC33C4639]"", ""1BC8754645C8A638A97D4E8860E8F177"", ""수풀5"")",Basic,"(Plant,Summer)",/Script/Engine.Texture2D'/Game/Props/Build/Textures/BushFiveTexture.BushFiveTexture',/Script/Engine.BlueprintGeneratedClass'/Game/Props/Build/BP_BushFiveProp.BP_BushFiveProp_C'
1009,1009,"NSLOCTEXT(""[9781E5AB24D0855921CD012FC33C4639]"", ""3CC0570542CB2FDDAFB0DF8E843DC31C"", ""선인장1"")","NSLOCTEXT(""[9781E5AB24D0855921CD012FC33C4639]"", ""BA92C6794554F9E341CD2985623CD0E8"", ""선인장1"")",Basic,(Plant),/Script/Engine.Texture2D'/Game/Props/Build/Textures/CactusOneTexture.CactusOneTexture',/Script/Engine.BlueprintGeneratedClass'/Game/Props/Build/BP_CactusOneProp.BP_CactusOneProp_C'
1010,1010,"NSLOCTEXT(""[9781E5AB24D0855921CD012FC33C4639]"", ""3A8DABC7478CB4B2896431A8DC07E3EB"", ""선인장2"")","NSLOCTEXT(""[9781E5AB24D0855921CD012FC33C4639]"", ""2363B3DB4469764EC4CA0DB1D50A1581"", ""선인장2"")",Basic,(Plant),/Script/Engine.Texture2D'/Game/Props/Build/Textures/CactusTwoTexture.CactusTwoTexture',/Script/Engine.BlueprintGeneratedClass'/Game/Props/Build/BP_CactusTwoProp.BP_CactusTwoProp_C'
1011,1011,"NSLOCTEXT(""[9781E5AB24D0855921CD012FC33C4639]"", ""AA1F001441D26C02323424A9DD693626"", ""나무 상자"")","NSLOCTEXT(""[9781E5AB24D0855921CD012FC33C4639]"", ""BCD1F7F4432B24AAA4C82A8D54A6B0D4"", ""나무 상자"")",Basic,"(Wood,Build)",/Script/Engine.Texture2D'/Game/Props/Build/Textures/CrateTexture.CrateTexture',/Script/Engine.BlueprintGeneratedClass'/Game/Props/Build/BP_CrateProp.BP_CrateProp_C'
1012,1012,"NSLOCTEXT(""[9781E5AB24D0855921CD012FC33C4639]"", ""F7AFAAD0415C96DCE084029193240AB3"", ""울타리1"")","NSLOCTEXT(""[9781E5AB24D0855921CD012FC33C4639]"", ""D9C225644A593B575D6521B36D8BB397"", ""울타리1"")",Basic,"(Wood,Build)",/Script/Engine.Texture2D'/Game/Props/Build/Textures/FenceOne.FenceOne',/Script/Engine.BlueprintGeneratedClass'/Game/Props/Build/BP_FenceOneProp.BP_FenceOneProp_C'
1013,1013,"NSLOCTEXT(""[9781E5AB24D0855921CD012FC33C4639]"", ""623DFA114526578C221296B6A1B40643"", ""울타리2"")","NSLOCTEXT(""[9781E5AB24D0855921CD012FC33C4639]"", ""2B2386FC42454048F3E853A2DA9B56E6"", ""울타리2"")",Basic,"(Wood,Build)",/Script/Engine.Texture2D'/Game/Props/Build/Textures/FenceTwo.FenceTwo',/Script/Engine.BlueprintGeneratedClass'/Game/Props/Build/BP_FenceTwoProp.BP_FenceTwoProp_C'
1014,1014,"NSLOCTEXT(""[9781E5AB24D0855921CD012FC33C4639]"", ""513986714228AF07F953D2AEAD32F6CC"", ""땅1"")","NSLOCTEXT(""[9781E5AB24D0855921CD012FC33C4639]"", ""C9013CB749195DA85AFC9EBFE46AE79F"", ""땅1"")",Basic,"(Soil,Summer)",/Script/Engine.Texture2D'/Game/Props/Build/Textures/GroundOneTexture.GroundOneTexture',/Script/Engine.BlueprintGeneratedClass'/Game/Props/Build/BP_GroundOneProp.BP_GroundOneProp_C'
1015,1015,"NSLOCTEXT(""[9781E5AB24D0855921CD012FC33C4639]"", ""2C7252294199F07815E59C9D93E57C22"", ""땅2"")","NSLOCTEXT(""[9781E5AB24D0855921CD012FC33C4639]"", ""5D4331C04AB9DE79755625A02192C71B"", ""땅2"")",Basic,"(Soil,Summer)",/Script/Engine.Texture2D'/Game/Props/Build/Textures/GroundTwo.GroundTwo',/Script/Engine.BlueprintGeneratedClass'/Game/Props/Build/BP_GroundTwoProp.BP_GroundTwoProp_C'
1016,1016,"NSLOCTEXT(""[9781E5AB24D0855921CD012FC33C4639]"", ""A470C2A84EBE8E731ECC86A7E5BC042B"", ""땅3"")","NSLOCTEXT(""[9781E5AB24D0855921CD012FC33C4639]"", ""5B41F7534791B3B77DFF84B1004D1062"", ""땅3"")",Basic,"(Soil,Summer)",/Script/Engine.Texture2D'/Game/Props/Build/Textures/GroundThree.GroundThree',/Script/Engine.BlueprintGeneratedClass'/Game/Props/Build/BP_GroundThreeProp.BP_GroundThreeProp_C'
1017,1017,"NSLOCTEXT(""[9781E5AB24D0855921CD012FC33C4639]"", ""1F7C47CD4AD0D4A3953F6AAB7253A486"", ""땅 타일1"")","NSLOCTEXT(""[9781E5AB24D0855921CD012FC33C4639]"", ""EF9DF0534AD5DC8F83D1DA8DB5149C6D"", ""땅 타일1"")",Basic,"(Soil,Summer)",/Script/Engine.Texture2D'/Game/Props/Build/Textures/GroundTileOne.GroundTileOne',/Script/Engine.BlueprintGeneratedClass'/Game/Props/Build/BP_GroundTileOneProp.BP_GroundTileOneProp_C'
1018,1018,"NSLOCTEXT(""[9781E5AB24D0855921CD012FC33C4639]"", ""1D1FDF064BDE92977B5289A88346FF6D"", ""땅 타일2"")","NSLOCTEXT(""[9781E5AB24D0855921CD012FC33C4639]"", ""4B0BF6F34DC0973834238BBF90B314B6"", ""땅 타일2"")",Basic,"(Soil,Summer)",/Script/Engine.Texture2D'/Game/Props/Build/Textures/GroundTileTwo.GroundTileTwo',/Script/Engine.BlueprintGeneratedClass'/Game/Props/Build/BP_GroundTileTwoProp.BP_GroundTileTwoProp_C'
1019,1019,"NSLOCTEXT(""[9781E5AB24D0855921CD012FC33C4639]"", ""44632955456CC155731941AE226B9E20"", ""땅 타일3"")","NSLOCTEXT(""[9781E5AB24D0855921CD012FC33C4639]"", ""DDE085594B5AFF298B586CA0DEB35FD7"", ""땅 타일3"")",Basic,"(Soil,Summer)",/Script/Engine.Texture2D'/Game/Props/Build/Textures/GroundTileTwo.GroundTileTwo',/Script/Engine.BlueprintGeneratedClass'/Game/Props/Build/BP_GroundTileThreeProp.BP_GroundTileThreeProp_C'
1020,1020,"NSLOCTEXT(""[9781E5AB24D0855921CD012FC33C4639]"", ""C3432EB4484AA2CF621041961C3A8052"", ""집1"")","NSLOCTEXT(""[9781E5AB24D0855921CD012FC33C4639]"", ""1D39665F4F879AA7E484ED9594206DEB"", ""집1"")",Basic,(Build),/Script/Engine.Texture2D'/Game/Props/Build/Textures/HouseOne.HouseOne',/Script/Engine.BlueprintGeneratedClass'/Game/Props/Build/BP_HouseOneProp.BP_HouseOneProp_C'
1021,1021,"NSLOCTEXT(""[9781E5AB24D0855921CD012FC33C4639]"", ""067742F043935D957257EA8766DDE48D"", ""집2"")","NSLOCTEXT(""[9781E5AB24D0855921CD012FC33C4639]"", ""063FB3DA4384C5324A2E8982C73E7513"", ""집2"")",Basic,(Build),/Script/Engine.Texture2D'/Game/Props/Build/Textures/HouseTwo.HouseTwo',/Script/Engine.BlueprintGeneratedClass'/Game/Props/Build/BP_HouseTwoProp.BP_HouseTwoProp_C'
1022,1022,"NSLOCTEXT(""[9781E5AB24D0855921CD012FC33C4639]"", ""C1DDD38E4E4E10C9FD40AF9CAD03A320"", ""집3"")","NSLOCTEXT(""[9781E5AB24D0855921CD012FC33C4639]"", ""5509B94C49183886569FC49E3AE82A81"", ""집3"")",Basic,(Build),/Script/Engine.Texture2D'/Game/Props/Build/Textures/HouseThree.HouseThree',/Script/Engine.BlueprintGeneratedClass'/Game/Props/Build/BP_HouseThreeProp.BP_HouseThreeProp_C'
1023,1023,"NSLOCTEXT(""[9781E5AB24D0855921CD012FC33C4639]"", ""E3013B854DBBA66A0FA27B9E7E266A02"", ""부서진 사다리"")","NSLOCTEXT(""[9781E5AB24D0855921CD012FC33C4639]"", ""D3D0C2D24194CC7D97C44E880D856DCA"", ""부서진 다리"")",Basic,"(Wood,Build)",/Script/Engine.Texture2D'/Game/Props/Build/Textures/LadderTileBroken.LadderTileBroken',/Script/Engine.BlueprintGeneratedClass'/Game/Props/Build/BP_LadderTileBrokenProp.BP_LadderTileBrokenProp_C'
1024,1024,"NSLOCTEXT(""[9781E5AB24D0855921CD012FC33C4639]"", ""B8F0AC4A497044016EE1A08F3FFCA2C5"", ""사다리"")","NSLOCTEXT(""[9781E5AB24D0855921CD012FC33C4639]"", ""2DEB2C5A49F7B459E7058F8FD92EBBA9"", ""사다리"")",Basic,"(Wood,Build)",/Script/Engine.Texture2D'/Game/Props/Build/Textures/LadderTile.LadderTile',/Script/Engine.BlueprintGeneratedClass'/Game/Props/Build/BP_LadderTileProp.BP_LadderTileProp_C'
1025,1025,"NSLOCTEXT(""[9781E5AB24D0855921CD012FC33C4639]"", ""40C15C85485288304D3B118EB9BCCC87"", ""통나무 더미"")","NSLOCTEXT(""[9781E5AB24D0855921CD012FC33C4639]"", ""4093B1944649CAFF89E8E5BCAC592C41"", ""통나무 더미"")",Basic,(Wood),/Script/Engine.Texture2D'/Game/Props/Build/Textures/LogPile.LogPile',/Script/Engine.BlueprintGeneratedClass'/Game/Props/Build/BP_LogPileProp.BP_LogPileProp_C'
1026,1026,"NSLOCTEXT(""[9781E5AB24D0855921CD012FC33C4639]"", ""16B8520B4B166D38DAA9D5898F165950"", ""땅 플랫폼 1"")","NSLOCTEXT(""[9781E5AB24D0855921CD012FC33C4639]"", ""AA72F9C0435259EF0DDCCF94B094A264"", ""땅 플랫폼 1"")",Basic,(Soil),/Script/Engine.Texture2D'/Game/Props/Build/Textures/PlatformOne.PlatformOne',/Script/Engine.BlueprintGeneratedClass'/Game/Props/Build/BP_PlatformOneProp.BP_PlatformOneProp_C'
1027,1027,"NSLOCTEXT(""[9781E5AB24D0855921CD012FC33C4639]"", ""4743D75E47360613AB3DD08889A27CA3"", ""땅 플랫폼 2"")","NSLOCTEXT(""[9781E5AB24D0855921CD012FC33C4639]"", ""FB395E5B479615BEB09DC9937943A702"", ""땅 플랫폼 2"")",Basic,(Soil),/Script/Engine.Texture2D'/Game/Props/Build/Textures/PlatformTwo.PlatformTwo',/Script/Engine.BlueprintGeneratedClass'/Game/Props/Build/BP_PlatformTwoProp.BP_PlatformTwoProp_C'
1028,1028,"NSLOCTEXT(""[9781E5AB24D0855921CD012FC33C4639]"", ""0584590D4E124B8B36EFC3B89BEDE876"", ""바위1"")","NSLOCTEXT(""[9781E5AB24D0855921CD012FC33C4639]"", ""420779354686C26E286F1DBF668E1226"", ""바위1"")",Basic,(Stone),/Script/Engine.Texture2D'/Game/Props/Build/Textures/RockOne.RockOne',/Script/Engine.BlueprintGeneratedClass'/Game/Props/Build/BP_RockOneProp.BP_RockOneProp_C'
1029,1029,"NSLOCTEXT(""[9781E5AB24D0855921CD012FC33C4639]"", ""1AB1477341DF93EAEA70E7992E18F447"", ""바위2"")","NSLOCTEXT(""[9781E5AB24D0855921CD012FC33C4639]"", ""8C0380844CECF82E8711ECA264166907"", ""바위2"")",Basic,(Stone),/Script/Engine.Texture2D'/Game/Props/Build/Textures/RockTwo.RockTwo',/Script/Engine.BlueprintGeneratedClass'/Game/Props/Build/BP_RockTwoProp.BP_RockTwoProp_C'
1030,1030,"NSLOCTEXT(""[9781E5AB24D0855921CD012FC33C4639]"", ""94E258204D0B9814FAFEB7BF06CD235F"", ""바위3"")","NSLOCTEXT(""[9781E5AB24D0855921CD012FC33C4639]"", ""36D6E4ED44D128874D0CCF8B4E15C86A"", ""바위3"")",Basic,(Stone),/Script/Engine.Texture2D'/Game/Props/Build/Textures/RockThree.RockThree',/Script/Engine.BlueprintGeneratedClass'/Game/Props/Build/BP_RockThreeProp.BP_RockThreeProp_C'
1031,1031,"NSLOCTEXT(""[9781E5AB24D0855921CD012FC33C4639]"", ""10C630A547C790A1F6DECFB0FC92C569"", ""그루터기"")","NSLOCTEXT(""[9781E5AB24D0855921CD012FC33C4639]"", ""B2874AA745A766E593C5809EDEC8249A"", ""그루터기"")",Basic,(Wood),/Script/Engine.Texture2D'/Game/Props/Build/Textures/Stump.Stump',/Script/Engine.BlueprintGeneratedClass'/Game/Props/Build/BP_StumpProp.BP_StumpProp_C'
1032,1032,"NSLOCTEXT(""[9781E5AB24D0855921CD012FC33C4639]"", ""4016945B49430C1BD9EC9898195662C9"", ""나무1"")","NSLOCTEXT(""[9781E5AB24D0855921CD012FC33C4639]"", ""ACD523A843AFD1C5B33BEBB685E25050"", ""나무1"")",Basic,"(Wood,Summer)",/Script/Engine.Texture2D'/Game/Props/Build/Textures/TreeOne.TreeOne',/Script/Engine.BlueprintGeneratedClass'/Game/Props/Build/BP_TreeOneProp.BP_TreeOneProp_C'
1033,1033,"NSLOCTEXT(""[9781E5AB24D0855921CD012FC33C4639]"", ""B6DCA3884040707ED8B6F3B9AE76E603"", ""나무2"")","NSLOCTEXT(""[9781E5AB24D0855921CD012FC33C4639]"", ""333224724EF25338FAFFD5B7CD3B79D4"", ""나무2"")",Basic,"(Wood,Summer)",/Script/Engine.Texture2D'/Game/Props/Build/Textures/TreeTwo.TreeTwo',/Script/Engine.BlueprintGeneratedClass'/Game/Props/Build/BP_TreeTwoProp.BP_TreeTwoProp_C'
1034,1034,"NSLOCTEXT(""[9781E5AB24D0855921CD012FC33C4639]"", ""DB6A4F334C3405EE787E2EBFBDE8EA8E"", ""나무3"")","NSLOCTEXT(""[9781E5AB24D0855921CD012FC33C4639]"", ""6AC19EE540D534356BF6A6AC1E32FF26"", ""나무3"")",Basic,"(Wood,Summer)",/Script/Engine.Texture2D'/Game/Props/Build/Textures/TreeThree.TreeThree',/Script/Engine.BlueprintGeneratedClass'/Game/Props/Build/BP_TreeThreeProp.BP_TreeThreeProp_C'
1035,1035,"NSLOCTEXT(""[9781E5AB24D0855921CD012FC33C4639]"", ""A0EC3ED948D3F0D984EA2181F787CF39"", ""나무4"")","NSLOCTEXT(""[9781E5AB24D0855921CD012FC33C4639]"", ""7AE7061643756ED7ECC7888B6BF06BFD"", ""나무4"")",Basic,"(Wood,Summer)",/Script/Engine.Texture2D'/Game/Props/Build/Textures/TreeFour.TreeFour',/Script/Engine.BlueprintGeneratedClass'/Game/Props/Build/BP_TreeFourProp.BP_TreeFourProp_C'
1036,1036,"NSLOCTEXT(""[9781E5AB24D0855921CD012FC33C4639]"", ""8392FD18465BECDBE0AAA9B2063833B5"", ""나무5"")","NSLOCTEXT(""[9781E5AB24D0855921CD012FC33C4639]"", ""44F465B0431DF4F07038DA89B83DE2E8"", ""나무5"")",Basic,"(Wood,Summer)",/Script/Engine.Texture2D'/Game/Props/Build/Textures/TreeFive.TreeFive',/Script/Engine.BlueprintGeneratedClass'/Game/Props/Build/BP_TreeFiveProp.BP_TreeFiveProp_C'
1037,1037,"NSLOCTEXT(""[9781E5AB24D0855921CD012FC33C4639]"", ""AAF500B54F256EF901B6978AD470A168"", ""나무6"")","NSLOCTEXT(""[9781E5AB24D0855921CD012FC33C4639]"", ""7803494647FA3738804E9FAB333B9F01"", ""나무6"")",Basic,"(Wood,Summer)",/Script/Engine.Texture2D'/Game/Props/Build/Textures/TreeSix.TreeSix',/Script/Engine.BlueprintGeneratedClass'/Game/Props/Build/BP_TreeSixProp.BP_TreeSixProp_C'
1038,1038,"NSLOCTEXT(""[9781E5AB24D0855921CD012FC33C4639]"", ""9CA500F648DE0DC1D16A918CEB7B9248"", ""나무7"")","NSLOCTEXT(""[9781E5AB24D0855921CD012FC33C4639]"", ""E66CEAC0484571F6F0330F856296BCB8"", ""나무7"")",Basic,"(Wood,Summer)",/Script/Engine.Texture2D'/Game/Props/Build/Textures/TreeSeven.TreeSeven',/Script/Engine.BlueprintGeneratedClass'/Game/Props/Build/BP_TreeSevenProp.BP_TreeSevenProp_C'
1039,1039,"NSLOCTEXT(""[9781E5AB24D0855921CD012FC33C4639]"", ""2CB70A0048D4101B0539B79E675959F8"", ""나무8"")","NSLOCTEXT(""[9781E5AB24D0855921CD012FC33C4639]"", ""6E03538240F903FF360B738DB29451B2"", ""나무8"")",Basic,"(Wood,Summer)",/Script/Engine.Texture2D'/Game/Props/Build/Textures/TreeEight.TreeEight',/Script/Engine.BlueprintGeneratedClass'/Game/Props/Build/BP_TreeEightProp.BP_TreeEightProp_C'
1040,1040,"NSLOCTEXT(""[9781E5AB24D0855921CD012FC33C4639]"", ""1F2656254919A6EE16B9368CF320FDCF"", ""나무 줄기1"")","NSLOCTEXT(""[9781E5AB24D0855921CD012FC33C4639]"", ""07B0EE6C450C3EA1F746CDB99014B254"", ""나무 줄기1"")",Basic,(Wood),/Script/Engine.Texture2D'/Game/Props/Build/Textures/TreeTrunkOne.TreeTrunkOne',/Script/Engine.BlueprintGeneratedClass'/Game/Props/Build/BP_TreeTrunkOneProp.BP_TreeTrunkOneProp_C'
1041,1041,"NSLOCTEXT(""[9781E5AB24D0855921CD012FC33C4639]"", ""A7AB12F54FEDEEC4CCE2E8BC0641F3BB"", ""나무 줄기2"")","NSLOCTEXT(""[9781E5AB24D0855921CD012FC33C4639]"", ""D44DA8814FD5AC8E5AB1BCA1B496A8DA"", ""나무 줄기2"")",Basic,(Wood),/Script/Engine.Texture2D'/Game/Props/Build/Textures/TreeTrunkTwo.TreeTrunkTwo',/Script/Engine.BlueprintGeneratedClass'/Game/Props/Build/BP_TreeTrunkTwoProp.BP_TreeTrunkTwoProp_C'
1042,1042,"NSLOCTEXT(""[9781E5AB24D0855921CD012FC33C4639]"", ""27882FBF43DAB54CF19A49B8C48B1366"", ""농작지1"")","NSLOCTEXT(""[9781E5AB24D0855921CD012FC33C4639]"", ""B1C8291C470030006BD5058B8BEE47DF"", ""농작지1"")",Basic,(Soil),/Script/Engine.Texture2D'/Game/Props/Build/Textures/FarmOne.FarmOne',/Script/Engine.BlueprintGeneratedClass'/Game/Props/Build/BP_FarmOneProp.BP_FarmOneProp_C'
1043,1043,"NSLOCTEXT(""[9781E5AB24D0855921CD012FC33C4639]"", ""2F1F1499406C1E07FFF5EB870A328050"", ""농작지2"")","NSLOCTEXT(""[9781E5AB24D0855921CD012FC33C4639]"", ""A57A8BCA4406224F09D8E99B4B2B3F40"", ""농작지2"")",Basic,(Soil),/Script/Engine.Texture2D'/Game/Props/Build/Textures/FarmTwo.FarmTwo',/Script/Engine.BlueprintGeneratedClass'/Game/Props/Build/BP_FarmTwoProp.BP_FarmTwoProp_C'
1044,1044,"NSLOCTEXT(""[9781E5AB24D0855921CD012FC33C4639]"", ""E2BEB8BF4E6DF232AF35A2A971882B97"", ""농작지3"")","NSLOCTEXT(""[9781E5AB24D0855921CD012FC33C4639]"", ""D09AA6764DA89FB2CE9675A6B2062BA1"", ""농작지3"")",Basic,(Soil),/Script/Engine.Texture2D'/Game/Props/Build/Textures/FarmThree.FarmThree',/Script/Engine.BlueprintGeneratedClass'/Game/Props/Build/BP_FarmThreeProp.BP_FarmThreeProp_C'
2001,2001,"NSLOCTEXT(""[9781E5AB24D0855921CD012FC33C4639]"", ""91065157498E90E2FEBE409F12E05E8A"", ""당근이 싫어"")","NSLOCTEXT(""[9781E5AB24D0855921CD012FC33C4639]"", ""2CA8B0624B573DD21E591D8CA421AD37"", ""당근이 싫어"")",Obstacle,(Bouncing),/Script/Engine.Texture2D'/Game/Props/Obstacle/Texture/CarrotBounceBollardTexture.CarrotBounceBollardTexture',/Script/Engine.BlueprintGeneratedClass'/Game/Props/Obstacle/BP_CarrotBounceBollardProp.BP_CarrotBounceBollardProp_C'
2002,2002,"NSLOCTEXT(""[9781E5AB24D0855921CD012FC33C4639]"", ""88CBDE13419048F8768EEC9BE9B44B0F"", ""연잎 방방"")","NSLOCTEXT(""[9781E5AB24D0855921CD012FC33C4639]"", ""B9217AEF4B7725397F7B89BABCD45A36"", ""연잎 방방"")",Obstacle,(Bouncing),/Script/Engine.Texture2D'/Game/Props/Obstacle/Texture/LotusLeaf.LotusLeaf',/Script/Engine.BlueprintGeneratedClass'/Game/Props/Obstacle/BP_LotusLeafTrampolineProp.BP_LotusLeafTrampolineProp_C'
2003,2003,"NSLOCTEXT(""[9781E5AB24D0855921CD012FC33C4639]"", ""046AE5214A6C46AF651738A23CD75988"", ""엄마의 메아리"")","NSLOCTEXT(""[9781E5AB24D0855921CD012FC33C4639]"", ""5100875B45AA6F278392C6B3F5EB702C"", ""엄마의 메아리"")",Obstacle,(AI),/Script/Engine.Texture2D'/Game/Props/Obstacle/Texture/Radio.Radio',/Script/Engine.BlueprintGeneratedClass'/Game/Props/Obstacle/BP_SoundMommy.BP_SoundMommy_C'
2004,2004,"NSLOCTEXT(""[9781E5AB24D0855921CD012FC33C4639]"", ""02C17B2F477B3E2DCA382BBEB53CBBED"", ""항아리 대포"")","NSLOCTEXT(""[9781E5AB24D0855921CD012FC33C4639]"", ""F8074A9842992335B47FDB92CE5D3625"", ""항아리 대포"")",Obstacle,(Firing),/Script/Engine.Texture2D'/Game/Props/Obstacle/Texture/PotCannon.PotCannon',/Script/Engine.BlueprintGeneratedClass'/Game/Props/Obstacle/BP_PotRollingCannonProp.BP_PotRollingCannonProp_C'
2005,2005,"NSLOCTEXT(""[9781E5AB24D0855921CD012FC33C4639]"", ""78061BCD434F7B5850A830B75AA48336"", ""홍수 났다!"")","NSLOCTEXT(""[9781E5AB24D0855921CD012FC33C4639]"", ""84AD509546A2301EA595478851543A0B"", ""홍수 났다!"")",Obstacle,(Pad),/Script/Engine.Texture2D'/Game/Props/Obstacle/Texture/ConveyorBelt.ConveyorBelt',/Script/Engine.BlueprintGeneratedClass'/Game/Props/Obstacle/BP_ConveyorBelt.BP_ConveyorBelt_C'
2006,2006,"NSLOCTEXT(""[9781E5AB24D0855921CD012FC33C4639]"", ""374FF7494D02354F9FB980995D2AED99"", ""파리잡기"")","NSLOCTEXT(""[9781E5AB24D0855921CD012FC33C4639]"", ""C46D9FC8407EC133AD8BF2A795873978"", ""파리잡기"")",Obstacle,(AI),/Script/Engine.Texture2D'/Game/Props/Obstacle/Texture/LotusFlower.LotusFlower',/Script/Engine.BlueprintGeneratedClass'/Game/Props/Obstacle/BP_ObjectEyeHunterProp.BP_ObjectEyeHunterProp_C'
2007,2007,"NSLOCTEXT(""[9781E5AB24D0855921CD012FC33C4639]"", ""7132E2EC4E426E7E4DCB83AC326F9826"", ""꿀벌의 비행"")","NSLOCTEXT(""[9781E5AB24D0855921CD012FC33C4639]"", ""AB87E7B647BCC79BAF0C3DA5FC6BA16C"", ""꿀벌의 비행"")",Obstacle,"(Rotating,Bouncing)",/Script/Engine.Texture2D'/Game/Props/Obstacle/Texture/Bee.Bee',/Script/Engine.BlueprintGeneratedClass'/Game/Props/Obstacle/BP_RotHammer.BP_RotHammer_C'
2008,2008,"NSLOCTEXT(""[9781E5AB24D0855921CD012FC33C4639]"", ""AAFF6FC546D1EFA87FB0179A1558B714"", ""나무 망치"")","NSLOCTEXT(""[9781E5AB24D0855921CD012FC33C4639]"", ""A518F5D94C0E6CA594233F976E7C946E"", ""나무 망치"")",Obstacle,(Rotating),/Script/Engine.Texture2D'/Game/Props/Obstacle/Texture/WoodHammer.WoodHammer',/Script/Engine.BlueprintGeneratedClass'/Game/Props/Obstacle/BP_RotSpike.BP_RotSpike_C'
2009,2009,"NSLOCTEXT(""[9781E5AB24D0855921CD012FC33C4639]"", ""91065157498E90E2FEBE409F12E05E8A"", ""당근이 싫어"")","NSLOCTEXT(""[9781E5AB24D0855921CD012FC33C4639]"", ""2CA8B0624B573DD21E591D8CA421AD37"", ""당근이 싫어"")",Obstacle,,/Script/Engine.Texture2D'/Game/MapEditor/8da75caf54288992489aa365e3f6e511.8da75caf54288992489aa365e3f6e511',/Script/Engine.BlueprintGeneratedClass'/Game/Props/Obstacle/BP_CarrotBounceBollardProp.BP_CarrotBounceBollardProp_C'
3001,3001,"NSLOCTEXT(""[9781E5AB24D0855921CD012FC33C4639]"", ""FA69B11945459CE2898D28A29A9C0CC4"", ""빙글빙글 연근"")","NSLOCTEXT(""[9781E5AB24D0855921CD012FC33C4639]"", ""7A57751F4493EB9CFDBA4586DCAA8ED5"", ""빙글빙글 연근"")",Platform,(Moving),/Script/Engine.Texture2D'/Game/Props/Obstacle/Texture/LotusRoot.LotusRoot',/Script/Engine.BlueprintGeneratedClass'/Game/Props/Obstacle/BP_RotatePlatform.BP_RotatePlatform_C'
3002,3002,"NSLOCTEXT(""[9781E5AB24D0855921CD012FC33C4639]"", ""79192FCB4046A21E0EABD39F3C40C871"", ""끝 포인트"")","NSLOCTEXT(""[9781E5AB24D0855921CD012FC33C4639]"", ""6B87AF5F43F05E348D61469E31D6D19B"", ""끝 포인트"")",Platform,(Ending),/Script/Engine.Texture2D'/Game/Props/Decoration/Texture/CheckPointTexture.CheckPointTexture',/Script/Engine.BlueprintGeneratedClass'/Game/Props/Obstacle/BP_FinProp.BP_FinProp_C'
4001,4001,"NSLOCTEXT(""[9781E5AB24D0855921CD012FC33C4639]"", ""DE1E6AFA483F261003139888D50D8233"", ""반짝이는 개구리"")","NSLOCTEXT(""[9781E5AB24D0855921CD012FC33C4639]"", ""2EE913EF405113E6D92C64838429F9B8"", ""반짝이는 개구리"")",Decoration,(Fire),/Script/Engine.Texture2D'/Game/Props/Decoration/Texture/BrightFrog.BrightFrog',/Script/Engine.BlueprintGeneratedClass'/Game/Props/Decoration/BrightFrog/BP_BrightFrog.BP_BrightFrog_C'
4002,4002,"NSLOCTEXT(""[9781E5AB24D0855921CD012FC33C4639]"", ""4CE97706439092B1208DBB967FE9A592"", ""당근"")","NSLOCTEXT(""[9781E5AB24D0855921CD012FC33C4639]"", ""3E23031E45C01A0C7693039D4E410A4D"", ""당근"")",Decoration,(DecorationEtc),/Script/Engine.Texture2D'/Game/Props/Decoration/Texture/Carrot.Carrot',/Script/Engine.BlueprintGeneratedClass'/Game/Props/Decoration/BP_CarrotProp.BP_CarrotProp_C'
4003,4003,"NSLOCTEXT(""[9781E5AB24D0855921CD012FC33C4639]"", ""E5B78B954D1A25421E9F9684812ED7CC"", ""체크 포인트"")","NSLOCTEXT(""[9781E5AB24D0855921CD012FC33C4639]"", ""94D67EB04DBF6D18B6A569A4644C5C63"", ""체크 포인트"")",Decoration,,/Script/Engine.Texture2D'/Game/Props/Decoration/Texture/CheckPointTexture.CheckPointTexture',/Script/Engine.BlueprintGeneratedClass'/Game/Props/Decoration/BP_CheckPointProp.BP_CheckPointProp_C'
4004,4004,"NSLOCTEXT(""[9781E5AB24D0855921CD012FC33C4639]"", ""838A611E4A82B2771F36989BD2DC0F48"", ""동전"")","NSLOCTEXT(""[9781E5AB24D0855921CD012FC33C4639]"", ""665D0D0542FE18A85E6D79B7577AB8CC"", ""동전"")",Decoration,,/Script/Engine.Texture2D'/Game/Props/Decoration/Texture/CoinTexture.CoinTexture',/Script/Engine.BlueprintGeneratedClass'/Game/Props/Decoration/BP_CoinProp.BP_CoinProp_C'
4005,4005,"NSLOCTEXT(""[9781E5AB24D0855921CD012FC33C4639]"", ""4039B96A43E4AF6BC7384E90D76F0C86"", ""문"")","NSLOCTEXT(""[9781E5AB24D0855921CD012FC33C4639]"", ""7A74858B49ED82B13A7590B2E28DDEE9"", ""문"")",Decoration,,/Script/Engine.Texture2D'/Game/Props/Decoration/Texture/Door.Door',/Script/Engine.BlueprintGeneratedClass'/Game/Props/Decoration/BP_DoorProp.BP_DoorProp_C'
4009,4009,"NSLOCTEXT(""[9781E5AB24D0855921CD012FC33C4639]"", ""1B5188F44B18703CA8BED08934BD1E28"", ""데이지 꽃"")","NSLOCTEXT(""[9781E5AB24D0855921CD012FC33C4639]"", ""5CC8EAEC40942EB52BC9A48F936D7AA6"", ""데이지 꽃"")",Decoration,(Flower),/Script/Engine.Texture2D'/Game/Props/Decoration/Texture/FlowerDaisy.FlowerDaisy',/Script/Engine.BlueprintGeneratedClass'/Game/Props/Decoration/BP_FlowerDaisyProp.BP_FlowerDaisyProp_C'
4010,4010,"NSLOCTEXT(""[9781E5AB24D0855921CD012FC33C4639]"", ""84A0A9534CCAFDE1323DA489993966DB"", ""꽃1"")","NSLOCTEXT(""[9781E5AB24D0855921CD012FC33C4639]"", ""F0F3F47845A6AAF67613438A6529402C"", ""꽃1"")",Decoration,(Flower),/Script/Engine.Texture2D'/Game/Props/Decoration/Texture/FlowerOne.FlowerOne',/Script/Engine.BlueprintGeneratedClass'/Game/Props/Decoration/BP_FlowerOneProp.BP_FlowerOneProp_C'
4011,4011,"NSLOCTEXT(""[9781E5AB24D0855921CD012FC33C4639]"", ""F049EC744406B13EB20D1891C418DF2E"", ""꽃2"")","NSLOCTEXT(""[9781E5AB24D0855921CD012FC33C4639]"", ""28A578CD478976CE62C5819DCCFD539D"", ""꽃2"")",Decoration,(Flower),/Script/Engine.Texture2D'/Game/Props/Decoration/Texture/FlowerTwo2.FlowerTwo2',/Script/Engine.BlueprintGeneratedClass'/Game/Props/Decoration/BP_FlowerTwoProp.BP_FlowerTwoProp_C'
4012,4012,"NSLOCTEXT(""[9781E5AB24D0855921CD012FC33C4639]"", ""CE2E51E748ECA3159C4E4BB7ECC68936"", ""꽃3"")","NSLOCTEXT(""[9781E5AB24D0855921CD012FC33C4639]"", ""CFF2308540550ADEBEC7439F3CA19A09"", ""꽃3"")",Decoration,(Flower),/Script/Engine.Texture2D'/Game/Props/Decoration/Texture/FlowerThree.FlowerThree',/Script/Engine.BlueprintGeneratedClass'/Game/Props/Decoration/BP_FlowerThreeProp.BP_FlowerThreeProp_C'
4013,4013,"NSLOCTEXT(""[9781E5AB24D0855921CD012FC33C4639]"", ""F248C6DF4032D368BD5EFAA10E81AEBC"", ""꽃4"")","NSLOCTEXT(""[9781E5AB24D0855921CD012FC33C4639]"", ""23F2E12A455B6F21ECE081B3A6F701BF"", ""꽃4"")",Decoration,(Flower),/Script/Engine.Texture2D'/Game/Props/Decoration/Texture/FlowerFour.FlowerFour',/Script/Engine.BlueprintGeneratedClass'/Game/Props/Decoration/BP_FlowerFourProp.BP_FlowerFourProp_C'
4014,4014,"NSLOCTEXT(""[9781E5AB24D0855921CD012FC33C4639]"", ""8EB2263A4B56D4DA79E2C0A2257C68E7"", ""꽃5"")","NSLOCTEXT(""[9781E5AB24D0855921CD012FC33C4639]"", ""AA7195874F0DE5BB9DA0C2AD5F3AD9C4"", ""꽃5"")",Decoration,(Flower),/Script/Engine.Texture2D'/Game/Props/Decoration/Texture/FlowerFive.FlowerFive',/Script/Engine.BlueprintGeneratedClass'/Game/Props/Decoration/BP_FlowerFiveProp.BP_FlowerFiveProp_C'
4015,4015,"NSLOCTEXT(""[9781E5AB24D0855921CD012FC33C4639]"", ""69C95A6846AD6243C1C6E4BF03B103C0"", ""꽃6"")","NSLOCTEXT(""[9781E5AB24D0855921CD012FC33C4639]"", ""E262E38A4E5F13B2F91D5AB6D4F1253B"", ""꽃6"")",Decoration,(Flower),/Script/Engine.Texture2D'/Game/Props/Decoration/Texture/FlowerSix.FlowerSix',/Script/Engine.BlueprintGeneratedClass'/Game/Props/Decoration/BP_FlowerSixProp.BP_FlowerSixProp_C'
4016,4016,"NSLOCTEXT(""[9781E5AB24D0855921CD012FC33C4639]"", ""B64862B54E5DDF511D4128BA166A14EA"", ""사과"")","NSLOCTEXT(""[9781E5AB24D0855921CD012FC33C4639]"", ""604C487642FB42249DF37AB2A722B6D3"", ""사과"")",Decoration,(Flower),/Script/Engine.Texture2D'/Game/Props/Decoration/Texture/AppleTexture.AppleTexture',/Script/Engine.BlueprintGeneratedClass'/Game/Props/Decoration/BP_FruitAppleProp.BP_FruitAppleProp_C'
4017,4017,"NSLOCTEXT(""[9781E5AB24D0855921CD012FC33C4639]"", ""6B78F58A46D82916DAAC0589013921FF"", ""잔디1"")","NSLOCTEXT(""[9781E5AB24D0855921CD012FC33C4639]"", ""DD996DF1475DA05DA7C1E1B2CEBE4FD8"", ""잔디1"")",Decoration,(Flower),/Script/Engine.Texture2D'/Game/Props/Decoration/Texture/GrassOneTexture.GrassOneTexture',/Script/Engine.BlueprintGeneratedClass'/Game/Props/Decoration/BP_GrassOneProp.BP_GrassOneProp_C'
4018,4018,"NSLOCTEXT(""[9781E5AB24D0855921CD012FC33C4639]"", ""7846DD9B434F65CF1A8231B382100E10"", ""잔디2"")","NSLOCTEXT(""[9781E5AB24D0855921CD012FC33C4639]"", ""1C5D76654C392DE4DA2CA39CDD837F49"", ""잔디2"")",Decoration,(Flower),/Script/Engine.Texture2D'/Game/Props/Decoration/Texture/GrassTwoTexture.GrassTwoTexture',/Script/Engine.BlueprintGeneratedClass'/Game/Props/Decoration/BP_GrassTwoProp.BP_GrassTwoProp_C'
4019,4019,"NSLOCTEXT(""[9781E5AB24D0855921CD012FC33C4639]"", ""2992642B46618E1FDA6F9AA35B4D0EDB"", ""열쇠"")","NSLOCTEXT(""[9781E5AB24D0855921CD012FC33C4639]"", ""702C705D47819EFA7E370BAFE0731F8C"", ""열쇠"")",Decoration,,/Script/Engine.Texture2D'/Game/Props/Decoration/Texture/Key.Key',/Script/Engine.BlueprintGeneratedClass'/Game/Props/Decoration/BP_KeyProp.BP_KeyProp_C'
4020,4020,"NSLOCTEXT(""[9781E5AB24D0855921CD012FC33C4639]"", ""2D7AC5C54DE7102D333B58AC35D5607B"", ""울타리 모서리 방지"")","NSLOCTEXT(""[9781E5AB24D0855921CD012FC33C4639]"", ""1002CCC348FCC0090C84759963A02E2E"", ""울타리 모서리 방지"")",Decoration,,/Script/Engine.Texture2D'/Game/Props/Decoration/Texture/LadderEndCap.LadderEndCap',/Script/Engine.BlueprintGeneratedClass'/Game/Props/Decoration/BP_LadderEndCapProp.BP_LadderEndCapProp_C'
4021,4021,"NSLOCTEXT(""[9781E5AB24D0855921CD012FC33C4639]"", ""DCBF766B4DF4DBD8B0C49DAC3FE7EA97"", ""길1"")","NSLOCTEXT(""[9781E5AB24D0855921CD012FC33C4639]"", ""8AE4B7BA4A833AA8137889A30965935E"", ""길1"")",Decoration,,/Script/Engine.Texture2D'/Game/MapEditor/8da75caf54288992489aa365e3f6e511.8da75caf54288992489aa365e3f6e511',/Script/Engine.BlueprintGeneratedClass'/Game/Props/Decoration/BP_PathOneProp.BP_PathOneProp_C'
4022,4022,"NSLOCTEXT(""[9781E5AB24D0855921CD012FC33C4639]"", ""4CD4C50445758FE8AFA182A1CB19883F"", ""길2"")","NSLOCTEXT(""[9781E5AB24D0855921CD012FC33C4639]"", ""8AFB27ED4886B09EE83431804A935454"", ""길2"")",Decoration,,/Script/Engine.Texture2D'/Game/MapEditor/8da75caf54288992489aa365e3f6e511.8da75caf54288992489aa365e3f6e511',/Script/Engine.BlueprintGeneratedClass'/Game/Props/Decoration/BP_PathTwoProp.BP_PathTwoProp_C'
4023,4023,"NSLOCTEXT(""[9781E5AB24D0855921CD012FC33C4639]"", ""71E344D048C9F95AE82221BE4D520A28"", ""길3"")","NSLOCTEXT(""[9781E5AB24D0855921CD012FC33C4639]"", ""9679B2634C73271AFF4166A98745A825"", ""길3"")",Decoration,,/Script/Engine.Texture2D'/Game/MapEditor/8da75caf54288992489aa365e3f6e511.8da75caf54288992489aa365e3f6e511',/Script/Engine.BlueprintGeneratedClass'/Game/Props/Decoration/BP_PathThreeProp.BP_PathThreeProp_C'
4024,4024,"NSLOCTEXT(""[9781E5AB24D0855921CD012FC33C4639]"", ""920E860C40D9FC49DFA139805B5B69DA"", ""길4"")","NSLOCTEXT(""[9781E5AB24D0855921CD012FC33C4639]"", ""02F02E134068F1CE6988359984F91859"", ""길4"")",Decoration,,/Script/Engine.Texture2D'/Game/MapEditor/8da75caf54288992489aa365e3f6e511.8da75caf54288992489aa365e3f6e511',/Script/Engine.BlueprintGeneratedClass'/Game/Props/Decoration/BP_PathFourProp.BP_PathFourProp_C'
4025,4025,"NSLOCTEXT(""[9781E5AB24D0855921CD012FC33C4639]"", ""3A3D792C44D35E2798EC0BA30342B783"", ""길5"")","NSLOCTEXT(""[9781E5AB24D0855921CD012FC33C4639]"", ""B3B5CC294C55E36788B8A696842FF494"", ""길5"")",Decoration,,/Script/Engine.Texture2D'/Game/MapEditor/8da75caf54288992489aa365e3f6e511.8da75caf54288992489aa365e3f6e511',/Script/Engine.BlueprintGeneratedClass'/Game/Props/Decoration/BP_PathFiveProp.BP_PathFiveProp_C'
4026,4026,"NSLOCTEXT(""[9781E5AB24D0855921CD012FC33C4639]"", ""37F8A7044195979C489BE79F7487955F"", ""길6"")","NSLOCTEXT(""[9781E5AB24D0855921CD012FC33C4639]"", ""755D31EB41287B1D1FE54DA67E175A33"", ""길6"")",Decoration,,/Script/Engine.Texture2D'/Game/MapEditor/8da75caf54288992489aa365e3f6e511.8da75caf54288992489aa365e3f6e511',/Script/Engine.BlueprintGeneratedClass'/Game/Props/Decoration/BP_PathSixProp.BP_PathSixProp_C'
4027,4027,"NSLOCTEXT(""[9781E5AB24D0855921CD012FC33C4639]"", ""4E8157CA4A4410214A6DF29777389E4F"", ""길7"")","NSLOCTEXT(""[9781E5AB24D0855921CD012FC33C4639]"", ""6791D5124315352C91E06EB32444523B"", ""길7"")",Decoration,,/Script/Engine.Texture2D'/Game/MapEditor/8da75caf54288992489aa365e3f6e511.8da75caf54288992489aa365e3f6e511',/Script/Engine.BlueprintGeneratedClass'/Game/Props/Decoration/BP_PathSevenProp.BP_PathSevenProp_C'
4028,4028,"NSLOCTEXT(""[9781E5AB24D0855921CD012FC33C4639]"", ""D5C1567D4307CF21FA92FCAE5F64D95F"", ""길8"")","NSLOCTEXT(""[9781E5AB24D0855921CD012FC33C4639]"", ""0724325A4527C239834CC882BC3A57CE"", ""길8"")",Decoration,,/Script/Engine.Texture2D'/Game/MapEditor/8da75caf54288992489aa365e3f6e511.8da75caf54288992489aa365e3f6e511',/Script/Engine.BlueprintGeneratedClass'/Game/Props/Decoration/BP_PathEightProp.BP_PathEightProp_C'
4029,4029,"NSLOCTEXT(""[9781E5AB24D0855921CD012FC33C4639]"", ""189D98E440787B5B99891AA2B40E08A8"", ""길9"")","NSLOCTEXT(""[9781E5AB24D0855921CD012FC33C4639]"", ""4FA2207F486D4542C04F7C932A5BFBE5"", ""길9"")",Decoration,,/Script/Engine.Texture2D'/Game/MapEditor/8da75caf54288992489aa365e3f6e511.8da75caf54288992489aa365e3f6e511',/Script/Engine.BlueprintGeneratedClass'/Game/Props/Decoration/BP_PathNineProp.BP_PathNineProp_C'
4030,4030,"NSLOCTEXT(""[9781E5AB24D0855921CD012FC33C4639]"", ""32D84E0E477CD917E520BBBA55600BEA"", ""항아리1"")","NSLOCTEXT(""[9781E5AB24D0855921CD012FC33C4639]"", ""1DEA288441152A482D1BB1947BBD9B03"", ""항아리1"")",Decoration,,/Script/Engine.Texture2D'/Game/Props/Decoration/Texture/PotOne2.PotOne2',/Script/Engine.BlueprintGeneratedClass'/Game/Props/Decoration/BP_PotOneProp.BP_PotOneProp_C'
4031,4031,"NSLOCTEXT(""[9781E5AB24D0855921CD012FC33C4639]"", ""CE4724124A10F0A8F7515E9C1143B995"", ""항아리2"")","NSLOCTEXT(""[9781E5AB24D0855921CD012FC33C4639]"", ""163E803D4132527D896CD0B6110D3173"", ""항아리2"")",Decoration,,/Script/Engine.Texture2D'/Game/Props/Decoration/Texture/PotTwo2.PotTwo2',/Script/Engine.BlueprintGeneratedClass'/Game/Props/Decoration/BP_PotTwoProp.BP_PotTwoProp_C'
4032,4032,"NSLOCTEXT(""[9781E5AB24D0855921CD012FC33C4639]"", ""468BE2E5460DD943FD0A6985B9DE292D"", ""주의 표지판"")","NSLOCTEXT(""[9781E5AB24D0855921CD012FC33C4639]"", ""0B78513A47D95E3E36DA69887D4296B9"", ""주의 표지판"")",Decoration,,/Script/Engine.Texture2D'/Game/Props/Decoration/Texture/SignCaution.SignCaution',/Script/Engine.BlueprintGeneratedClass'/Game/Props/Decoration/BP_SignCautionProp.BP_SignCautionProp_C'
4033,4033,"NSLOCTEXT(""[9781E5AB24D0855921CD012FC33C4639]"", ""42E515694D8A6195F89DC7A6679DDC3A"", ""왼쪽 방향 표지판"")","NSLOCTEXT(""[9781E5AB24D0855921CD012FC33C4639]"", ""33EEC6A74DAE813CA4BA65AD95ECF454"", ""왼쪽 방향 표지판"")",Decoration,,/Script/Engine.Texture2D'/Game/Props/Decoration/Texture/SignLeft.SignLeft',/Script/Engine.BlueprintGeneratedClass'/Game/Props/Decoration/BP_SignDirectionLeftProp.BP_SignDirectionLeftProp_C'
4034,4034,"NSLOCTEXT(""[9781E5AB24D0855921CD012FC33C4639]"", ""3C80AC1B493A75A187B254A195F6D0BC"", ""오른쪽 방향 표지판"")","NSLOCTEXT(""[9781E5AB24D0855921CD012FC33C4639]"", ""DC8192A540BD03EF187DB2960982E5CC"", ""오른쪽 방향 표지판"")",Decoration,,/Script/Engine.Texture2D'/Game/Props/Decoration/Texture/SignRight.SignRight',/Script/Engine.BlueprintGeneratedClass'/Game/Props/Decoration/BP_SignDirectionRightProp.BP_SignDirectionRightProp_C'
4035,4035,"NSLOCTEXT(""[9781E5AB24D0855921CD012FC33C4639]"", ""FC1C9D5047C3B7FB72C833B5DC4DDA6C"", ""뾰죡 스파이크"")","NSLOCTEXT(""[9781E5AB24D0855921CD012FC33C4639]"", ""D63EFA704365E165722BA89F9B1DEFE4"", ""뾰족 스파이크"")",Decoration,,/Script/Engine.Texture2D'/Game/Props/Decoration/Texture/Spike.Spike',/Script/Engine.BlueprintGeneratedClass'/Game/Props/Decoration/BP_SpikeProp.BP_SpikeProp_C'
4036,4036,"NSLOCTEXT(""[9781E5AB24D0855921CD012FC33C4639]"", ""D21651CC4F2CC5770BC248B91FEDD7C3"", ""별"")","NSLOCTEXT(""[9781E5AB24D0855921CD012FC33C4639]"", ""DC49BE59493E0D671DD858AD1D991FE5"", ""별"")",Decoration,,/Script/Engine.Texture2D'/Game/Props/Decoration/Texture/Star.Star',/Script/Engine.BlueprintGeneratedClass'/Game/Props/Decoration/BP_StarProp.BP_StarProp_C'